{
    "0": {
        "precision": 0.9899028876455077,
        "recall": 0.7773737373737374,
        "f1-score": 0.8708591473591898,
        "support": 19800.0
    },
    "1": {
        "precision": 0.009660750393170074,
        "recall": 0.215,
        "f1-score": 0.01849064717265104,
        "support": 200.0
    },
    "accuracy": 0.77175,
    "macro avg": {
        "precision": 0.4997818190193389,
        "recall": 0.4961868686868687,
        "f1-score": 0.4446748972659204,
        "support": 20000.0
    },
    "weighted avg": {
        "precision": 0.9801004662729843,
        "recall": 0.77175,
        "f1-score": 0.8623354623573245,
        "support": 20000.0
    }
}